{
  "train_loss": [
    0.4919762655644367
  ],
  "train_acc": [
    0.8504333333333334
  ],
  "test_acc": [
    0.9024
  ]
}